Fed,YYYY,SunOfRatings
AHO,1991,15590
ALB,1991,32035
ALG,1991,24550
AND,1991,13435
ANG,1991,17870
ARG,1991,622195
ARM,1991,54400
AUS,1991,154665
AUT,1991,405480
AZE,1991,27560
BAN,1991,28840
BAR,1991,17655
BEL,1991,151480
BER,1991,11035
BIH,1991,111130
BLR,1991,63310
BOL,1991,26290
BOT,1991,13060
BRA,1991,155725
BRN,1991,11100
BRU,1991,2205
BUL,1991,593635
CAN,1991,223620
CHI,1991,132570
CHN,1991,114745
COL,1991,134650
CRC,1991,45335
CRO,1991,459650
CUB,1991,350745
CYP,1991,15590
CZE,1991,585060
DEN,1991,352690
DOM,1991,35950
ECU,1991,44965
EGY,1991,43775
ENG,1991,654860
ESA,1991,11475
ESP,1991,456700
EST,1991,39595
FAI,1991,9110
FIJ,1991,4435
FIN,1991,181765
FRA,1991,511300
FRM,1991,99905
GCI,1991,11240
GEO,1991,117225
GER,1991,2602725
GHA,1991,6615
GRE,1991,236725
GUA,1991,28690
GUY,1991,2210
HAI,1991,4425
HKG,1991,33760
HON,1991,24540
HUN,1991,1148930
INA,1991,95090
IND,1991,244555
IRI,1991,11265
IRL,1991,91910
IRQ,1991,32900
ISL,1991,174530
ISR,1991,394710
ISV,1991,11180
ITA,1991,371255
IVB,1991,2220
JAM,1991,12955
JOR,1991,6685
JPN,1991,28710
KAZ,1991,34800
KEN,1991,8830
KGZ,1991,16355
KUW,1991,4450
LAT,1991,34210
LBA,1991,15435
LIB,1991,17560
LIE,1991,4410
LTU,1991,20810
LUX,1991,33915
MAR,1991,13675
MAS,1991,44220
MDA,1991,23225
MEX,1991,214740
MGL,1991,53095
MLI,1991,8820
MLT,1991,19855
MNC,1991,17875
MRI,1991,4410
NCA,1991,20425
NED,1991,441880
NGR,1991,12835
NOR,1991,209015
NZL,1991,73910
PAK,1991,54170
PAN,1991,17835
PAR,1991,20475
PER,1991,34790
PHI,1991,130965
PLE,1991,6655
POL,1991,1139075
POR,1991,83900
PUR,1991,37420
QAT,1991,8985
ROM,1991,524120
RSA,1991,4600
RUS,1991,1635930
SCO,1991,96755
SEN,1991,8830
SIN,1991,74775
SLO,1991,207665
SMR,1991,4410
SRI,1991,31515
SUD,1991,6615
SUI,1991,265635
SUR,1991,13245
SVK,1991,146695
SWE,1991,417495
SYR,1991,30905
THA,1991,22530
TJK,1991,9165
TKM,1991,4770
TRI,1991,13010
TUN,1991,29620
TUR,1991,61105
UAE,1991,29160
UGA,1991,13535
UKR,1991,459460
URU,1991,40355
USA,1991,1151955
UZB,1991,64700
VEN,1991,48260
VIE,1991,19985
WLS,1991,53135
YEM,1991,22050
YUG,1991,1764635
ZAM,1991,10825
ZIM,1991,26095
ALB,1983,16295
ALG,1983,8820
AND,1983,6615
ANG,1983,6625
ARG,1983,226545
AUS,1983,53105
AUT,1983,129175
BAN,1983,20115
BEL,1983,42355
BER,1983,4435
BOL,1983,2225
BOT,1983,2205
BRA,1983,71945
BRN,1983,4410
BUL,1983,263630
CAN,1983,133280
CHI,1983,54910
CHN,1983,34350
COL,1983,91705
CRC,1983,18020
CSR,1983,241560
CUB,1983,164720
CYP,1983,6710
DDR,1983,142665
DEN,1983,130790
DOM,1983,18300
ECU,1983,20275
EGY,1983,14995
ENG,1983,324055
ESA,1983,6900
ESP,1983,154890
FAI,1983,8820
FIN,1983,82990
FRA,1983,123435
FRG,1983,644255
GCI,1983,2205
GRE,1983,177005
GUA,1983,24755
GUY,1983,4435
HKG,1983,24845
HUN,1983,426305
INA,1983,54350
IND,1983,81340
IRI,1983,11575
IRL,1983,43705
IRQ,1983,6755
ISL,1983,102025
ISR,1983,187820
ISV,1983,4415
ITA,1983,98795
IVB,1983,4435
JAM,1983,4410
JOR,1983,4410
JPN,1983,21470
KEN,1983,4425
LIB,1983,13480
LUX,1983,17845
MAS,1983,15750
MEX,1983,181920
MGL,1983,19475
MLT,1983,13235
MNC,1983,4410
NCA,1983,29230
NED,1983,201775
NGR,1983,4410
NOR,1983,122055
NZL,1983,36985
PAK,1983,20235
PAN,1983,2235
PAR,1983,13730
PER,1983,13805
PHI,1983,69840
PNG,1983,6615
POL,1983,526260
POR,1983,38820
PUR,1983,13290
ROM,1983,243430
SCO,1983,48330
SEN,1983,4410
SIN,1983,31360
SRI,1983,18080
SUI,1983,95065
SUR,1983,4410
SWE,1983,129290
SYR,1983,13655
THA,1983,20395
TRI,1983,10835
TUN,1983,13615
TUR,1983,48685
UAE,1983,11215
UGA,1983,4410
UNK,1983,2295
URU,1983,9045
USA,1983,562130
USR,1983,990040
VEN,1983,26235
WLS,1983,24000
YUG,1983,1173020
ZAI,1983,4410
ZAM,1983,2205
ZIM,1983,6615
ALB,1972,9030
AND,1972,2270
ARG,1972,52805
AUS,1972,11730
AUT,1972,28010
BEL,1972,13895
BRA,1972,16110
BRD,1972,54775
BUL,1972,83770
CAN,1972,39715
CHI,1972,11545
COL,1972,13975
CRC,1972,2295
CSR,1972,77330
CUB,1972,30490
DDR,1972,56500
DEN,1972,40040
ECU,1972,4690
ENG,1972,50860
ESP,1972,30290
FIN,1972,11770
FRA,1972,11550
GRE,1972,11520
HKG,1972,2270
HUN,1972,117985
INA,1972,9370
IND,1972,4620
IRI,1972,9120
IRL,1972,6860
ISL,1972,28370
ISR,1972,21445
ITA,1972,16420
JPN,1972,2280
LUX,1972,2255
MAR,1972,2220
MEX,1972,4520
MLT,1972,2250
MON,1972,13740
NED,1972,74305
NOR,1972,23425
NZL,1972,9305
PAR,1972,2250
PER,1972,7010
PHI,1972,18840
POL,1972,51795
POR,1972,13695
PUR,1972,6930
ROM,1972,75645
SAF,1972,4520
SCO,1972,13770
SIN,1972,4650
SUI,1972,32775
SWE,1972,39675
TUN,1972,4690
TUR,1972,9135
URS,1972,261110
URU,1972,4590
USA,1972,63105
VEN,1972,4475
WLS,1972,2390
YUG,1972,219365
ALB,1981,13750
AND,1981,2220
ARG,1981,168405
AUS,1981,39255
AUT,1981,74735
BAN,1981,4475
BEL,1981,25190
BOL,1981,6640
BRA,1981,64890
BUL,1981,261625
CAN,1981,98490
CHI,1981,64055
CHN,1981,31310
COL,1981,78530
CRC,1981,17910
CSR,1981,243555
CUB,1981,156315
DDR,1981,168064
DEN,1981,150595
DOM,1981,20345
ECU,1981,38490
EGY,1981,4460
ENG,1981,305895
ESA,1981,6755
ESP,1981,118990
FIN,1981,76420
FRA,1981,71325
FRG,1981,378875
GCI,1981,2270
GRE,1981,91535
GUA,1981,15800
GUY,1981,4455
HKG,1981,4640
HON,1981,4470
HUN,1981,353980
INA,1981,38960
IND,1981,42680
IRI,1981,14050
IRL,1981,43410
IRQ,1981,6755
ISL,1981,96255
ISR,1981,139417
ITA,1981,101515
IVB,1981,2275
JPN,1981,12295
LIB,1981,6855
LUX,1981,17810
MAS,1981,4445
MEX,1981,112700
MGL,1981,13720
MLT,1981,8855
MNC,1981,1880
NCA,1981,6795
NED,1981,160345
NOR,1981,118740
NZL,1981,23095
PAK,1981,13470
PAN,1981,6695
PAR,1981,11395
PER,1981,13870
PHI,1981,74750
POL,1981,333425
POR,1981,36335
PUR,1981,8505
ROM,1981,182720
SCO,1981,48355
SIN,1981,27550
SRI,1981,2250
SUI,1981,76570
SWE,1981,163335
SYR,1981,6815
THA,1981,11400
TRI,1981,2215
TUN,1981,4685
TUR,1981,30655
UAE,1981,4445
UNK,1981,6550
URU,1981,22435
USA,1981,461965
USR,1981,967965
VEN,1981,26920
WLS,1981,24135
YUG,1981,806930
AHO,1993,13365
ALB,1993,34430
ALG,1993,42215
AND,1993,13470
ANG,1993,17780
ARG,1993,749305
ARM,1993,82350
AUS,1993,178055
AUT,1993,517020
AZE,1993,46245
BAN,1993,50975
BAR,1993,13445
BEL,1993,164680
BER,1993,13225
BIH,1993,113905
BLR,1993,82460
BOL,1993,26280
BOT,1993,13250
BRA,1993,254550
BRN,1993,15545
BRU,1993,6615
BUL,1993,651610
CAN,1993,272740
CHI,1993,159555
CHN,1993,126485
COL,1993,155390
CRC,1993,60945
CRO,1993,561765
CUB,1993,409665
CYP,1993,20075
CZE,1993,756085
DEN,1993,398145
DOM,1993,35925
ECU,1993,44830
EGY,1993,57520
ENG,1993,792170
ESA,1993,15885
ESP,1993,642065
EST,1993,83625
FAI,1993,17890
FIJ,1993,8845
FIN,1993,213850
FRA,1993,759700
FRM,1993,104355
GCI,1993,11145
GEO,1993,150090
GER,1993,3435285
GHA,1993,6615
GRE,1993,306425
GUA,1993,28720
GUY,1993,2215
HAI,1993,4425
HKG,1993,27355
HON,1993,24540
HUN,1993,1567200
INA,1993,104030
IND,1993,385205
IRI,1993,18075
IRL,1993,111650
IRQ,1993,58425
ISL,1993,196795
ISR,1993,445805
ISV,1993,13385
ITA,1993,480145
IVB,1993,6630
JAM,1993,15125
JCI,1993,2075
JOR,1993,11090
JPN,1993,33250
KAZ,1993,46525
KEN,1993,6620
KGZ,1993,16435
KUW,1993,6725
LAT,1993,104330
LBA,1993,17680
LIB,1993,24230
LIE,1993,11410
LTU,1993,94955
LUX,1993,31555
MAR,1993,18275
MAS,1993,52880
MDA,1993,43785
MEX,1993,259845
MGL,1993,72850
MLI,1993,13220
MLT,1993,24265
MNC,1993,22305
MRI,1993,4410
MYA,1993,13515
NCA,1993,27040
NED,1993,521395
NGR,1993,19435
NOR,1993,236230
NZL,1993,71785
PAK,1993,60985
PAN,1993,20100
PAR,1993,33675
PER,1993,41875
PHI,1993,163620
PLE,1993,11055
POL,1993,1320530
POR,1993,119385
PUR,1993,39630
QAT,1993,15835
ROM,1993,710465
RSA,1993,18465
RUS,1993,2064160
SCO,1993,116525
SEN,1993,6625
SIN,1993,83205
SLO,1993,263540
SMR,1993,4420
SRI,1993,42270
SUD,1993,6620
SUI,1993,325940
SUR,1993,13245
SVK,1993,209190
SWE,1993,525705
SYR,1993,37825
THA,1993,24720
TJK,1993,13895
TKM,1993,13855
TRI,1993,13000
TUN,1993,32050
TUR,1993,99185
UAE,1993,35500
UGA,1993,18150
UKR,1993,362340
URU,1993,55950
USA,1993,1367935
UZB,1993,71940
VEN,1993,50865
VIE,1993,30975
WLS,1993,63370
YEM,1993,26600
YUG,1993,2104590
ZAM,1993,10825
ZIM,1993,34850
ARG,1976,126420
AUS,1976,11935
AUT,1976,29250
BEL,1976,20850
BRA,1976,38580
BUL,1976,165565
CAN,1976,48860
CHI,1976,41795
CHN,1976,4500
COL,1976,41190
CSR,1976,138860
CUB,1976,88515
DDR,1976,121240
DEN,1976,76915
DOM,1976,6745
ECU,1976,13590
ENG,1976,125765
ESP,1976,64920
FAI,1976,2205
FIN,1976,24945
FRA,1976,27310
FRG,1976,121285
GRE,1976,22775
HKG,1976,2350
HUN,1976,187740
INA,1976,20625
IND,1976,9055
IRI,1976,9335
IRL,1976,19290
ISL,1976,74705
ISR,1976,62155
ITA,1976,59710
IVB,1976,2210
JPN,1976,6035
LIB,1976,9040
LUX,1976,11240
MEX,1976,15490
MGL,1976,13730
MLT,1976,2210
MNC,1976,1820
NCA,1976,6830
NED,1976,104735
NOR,1976,46300
NZL,1976,9080
PAK,1976,11295
PAN,1976,2205
PAR,1976,2265
PER,1976,7110
PHI,1976,44205
POL,1976,115325
POR,1976,11490
PUR,1976,8555
ROM,1976,103880
RSA,1976,6875
SCO,1976,22660
SIN,1976,15780
SUI,1976,55405
SWE,1976,100460
SYR,1976,2230
TUN,1976,11395
TUR,1976,13525
UNK,1976,6560
URU,1976,6665
USA,1976,156525
USR,1976,632015
VEN,1976,13580
WLS,1976,13870
YUG,1976,398670
ALB,1989,14060
ALG,1989,15725
AND,1989,4470
ANG,1989,11195
ANT,1989,2205
ARG,1989,420290
AUS,1989,94155
AUT,1989,283595
BAH,1989,2205
BAN,1989,29045
BAR,1989,8945
BEL,1989,121910
BER,1989,6625
BOL,1989,8905
BOT,1989,4535
BRA,1989,125585
BRN,1989,8875
BRU,1989,4410
BUL,1989,455240
CAN,1989,167320
CHI,1989,87215
CHN,1989,67580
COL,1989,77160
CRC,1989,18215
CSR,1989,473490
CUB,1989,280200
CYP,1989,13335
DDR,1989,227710
DEN,1989,204860
DOM,1989,33135
ECU,1989,22875
EGY,1989,32125
ENG,1989,424930
ESA,1989,8890
ESP,1989,277720
FAI,1989,6855
FIN,1989,122155
FRA,1989,293535
FRG,1989,1481305
GAM,1989,4410
GCI,1989,6670
GHA,1989,6615
GRE,1989,182940
GUA,1989,17395
HAI,1989,4415
HKG,1989,26755
HON,1989,13455
HUN,1989,906530
INA,1989,61600
IND,1989,196700
IRL,1989,49145
IRQ,1989,25735
ISL,1989,124205
ISR,1989,238805
ISV,1989,8925
ITA,1989,215045
IVB,1989,8920
JAM,1989,12760
JOR,1989,4435
JPN,1989,17395
KEN,1989,11070
KUW,1989,13345
LBA,1989,8820
LIB,1989,17455
LIE,1989,4410
LUX,1989,22685
MAR,1989,11250
MAS,1989,50530
MAU,1989,2205
MEX,1989,162935
MGL,1989,31425
MLI,1989,8820
MLT,1989,15670
MNC,1989,13230
MRI,1989,4410
NCA,1989,20405
NED,1989,296475
NGR,1989,10830
NLA,1989,4410
NOR,1989,130605
NZL,1989,42780
PAK,1989,43190
PAN,1989,17805
PAR,1989,13945
PER,1989,11970
PHI,1989,84685
PLE,1989,11080
PNG,1989,8820
POL,1989,930970
POR,1989,61080
PUR,1989,22060
QAT,1989,8980
ROM,1989,416995
SCO,1989,61060
SEN,1989,6625
SIN,1989,61560
SMR,1989,4425
SRI,1989,24980
SUD,1989,4430
SUI,1989,176040
SUR,1989,13245
SWE,1989,270475
SYR,1989,22265
THA,1989,18130
TRI,1989,6230
TUN,1989,13915
TUR,1989,40650
UAE,1989,22070
UGA,1989,4480
UNK,1989,33830
URU,1989,39920
USA,1989,817565
USR,1989,1250120
VEN,1989,31185
WLS,1989,31285
YEM,1989,8890
YUG,1989,2178685
ZAM,1989,8850
ZIM,1989,11055
AFG,1997,2020
AHO,1997,26250
ALB,1997,39010
ALG,1997,83660
AND,1997,17825
ANG,1997,24185
ARG,1997,1242840
ARM,1997,192665
AUS,1997,238880
AUT,1997,1067140
AZE,1997,150820
BAN,1997,112435
BAR,1997,17855
BEL,1997,273400
BER,1997,17420
BIH,1997,147245
BLR,1997,245010
BOL,1997,30580
BOT,1997,19555
BRA,1997,447555
BRN,1997,21760
BRU,1997,6590
BUL,1997,794915
CAN,1997,389040
CHI,1997,573185
CHN,1997,214260
COL,1997,191945
CRC,1997,78250
CRO,1997,831030
CUB,1997,599445
CYP,1997,28520
CZE,1997,1359545
DEN,1997,737445
DOM,1997,49275
ECU,1997,69105
EGY,1997,105990
ENG,1997,1303260
ESA,1997,22435
ESP,1997,1819000
EST,1997,162600
FAI,1997,43325
FIJ,1997,4425
FIN,1997,372235
FRA,1997,1924360
FRM,1997,251090
GCI,1997,8900
GEO,1997,236285
GER,1997,6084395
GHA,1997,4410
GRE,1997,604480
GUA,1997,52265
GUY,1997,2215
HAI,1997,2155
HKG,1997,40025
HON,1997,24495
HUN,1997,2448800
INA,1997,199745
IND,1997,765940
IRI,1997,121115
IRL,1997,144285
IRQ,1997,173485
ISL,1997,238235
ISR,1997,753285
ISV,1997,13370
ITA,1997,988710
IVB,1997,6580
JAM,1997,15085
JCI,1997,10900
JOR,1997,53555
JPN,1997,26475
KAZ,1997,169255
KEN,1997,6555
KGZ,1997,25905
KUW,1997,6725
LAT,1997,195790
LBA,1997,17655
LIB,1997,35240
LIE,1997,13325
LTU,1997,276055
LUX,1997,40470
MAC,1997,15205
MAR,1997,29570
MAS,1997,101685
MDA,1997,148130
MEX,1997,417970
MGL,1997,93820
MLI,1997,13220
MLT,1997,35150
MNC,1997,28815
MOZ,1997,2210
MRI,1997,6540
MYA,1997,15820
NAM,1997,2240
NCA,1997,58560
NED,1997,842835
NGR,1997,42605
NOR,1997,360660
NZL,1997,119190
PAK,1997,60840
PAN,1997,19930
PAR,1997,53050
PER,1997,137315
PHI,1997,187705
PLE,1997,13245
POL,1997,2425530
POR,1997,161385
PUR,1997,52330
QAT,1997,24255
ROM,1997,1207245
RSA,1997,29500
RUS,1997,3959850
SCO,1997,208775
SEN,1997,6625
SEY,1997,10575
SIN,1997,111400
SLO,1997,435735
SMR,1997,6445
SRI,1997,48455
SUD,1997,17460
SUI,1997,574670
SUR,1997,13245
SVK,1997,464705
SWE,1997,823210
SYR,1997,53705
THA,1997,35595
TJK,1997,20870
TKM,1997,54780
TRI,1997,13000
TUN,1997,29700
TUR,1997,183930
UAE,1997,89865
UGA,1997,17955
UKR,1997,1020170
URU,1997,84035
USA,1997,1936945
UZB,1997,113045
VEN,1997,70660
VIE,1997,53785
WLS,1997,122700
YEM,1997,31215
YUG,1997,3082765
ZAM,1997,15415
ZIM,1997,37230
ALB,1985,14015
ALG,1985,15435
AND,1985,11150
ANG,1985,6615
ARG,1985,288155
AUS,1985,74235
AUT,1985,171785
BAN,1985,24605
BEL,1985,64415
BER,1985,4425
BOT,1985,2205
BRA,1985,96555
BRN,1985,2205
BUL,1985,284580
CAN,1985,135150
CHI,1985,66470
CHN,1985,47840
COL,1985,74765
CRC,1985,13570
CSR,1985,278065
CUB,1985,198885
CYP,1985,11060
DDR,1985,140185
DEN,1985,137050
DOM,1985,19830
ECU,1985,17775
EGY,1985,17780
ENG,1985,316785
ESA,1985,6895
ESP,1985,148705
FAI,1985,4410
FIN,1985,79440
FRA,1985,165895
FRG,1985,712865
GCI,1985,4405
GRE,1985,198335
GUA,1985,24430
GUY,1985,2210
HKG,1985,24800
HUN,1985,491270
INA,1985,62710
IND,1985,124640
IRI,1985,2400
IRL,1985,26465
IRQ,1985,8225
ISL,1985,105265
ISR,1985,207495
ISV,1985,4490
ITA,1985,109010
IVB,1985,4450
JAM,1985,6615
JOR,1985,6610
JPN,1985,21345
KEN,1985,6655
KUW,1985,8815
LIB,1985,20235
LUX,1985,22135
MAR,1985,4475
MAS,1985,39735
MEX,1985,168460
MGL,1985,20090
MLT,1985,6785
MNC,1985,11030
NCA,1985,17970
NED,1985,230910
NGR,1985,8815
NOR,1985,120230
NZL,1985,37810
PAK,1985,34210
PAN,1985,2285
PAP,1985,2205
PAR,1985,11465
PER,1985,9350
PHI,1985,61685
PNG,1985,11020
POL,1985,606720
POR,1985,49505
PUR,1985,11215
ROM,1985,248720
SCO,1985,63475
SEN,1985,4410
SIN,1985,27120
SMR,1985,2205
SRI,1985,20290
SUI,1985,126430
SUR,1985,11025
SWE,1985,163080
SYR,1985,15975
THA,1985,20220
TRI,1985,13000
TUN,1985,20650
TUR,1985,55650
UAE,1985,11265
UGA,1985,4410
UNK,1985,2295
URU,1985,13570
USA,1985,690820
USR,1985,897560
VEN,1985,20180
WLS,1985,28110
YEM,1985,2205
YUG,1985,1381240
ZAI,1985,4410
ZAM,1985,2205
ZIM,1985,8820
ALB,1987,14025
ALG,1987,13300
AND,1987,6670
ANG,1987,8820
ANT,1987,2205
ARG,1987,298650
AUS,1987,74390
AUT,1987,194690
BAH,1987,2205
BAN,1987,29440
BAR,1987,8910
BEL,1987,99585
BER,1987,8830
BOL,1987,8955
BOT,1987,4410
BRA,1987,105145
BRN,1987,8820
BRU,1987,4410
BUL,1987,350080
CAN,1987,133260
CHI,1987,66825
CHN,1987,37260
COL,1987,66080
CRC,1987,13430
CSR,1987,307975
CUB,1987,214380
CYP,1987,13280
DDR,1987,150615
DEN,1987,147780
DOM,1987,26425
ECU,1987,22915
EGY,1987,22800
ENG,1987,327745
ESA,1987,8920
ESP,1987,182640
FAI,1987,4670
FIJ,1987,2205
FIN,1987,93005
FRA,1987,220415
FRG,1987,949330
GAM,1987,4410
GCI,1987,6695
GHA,1987,6615
GRE,1987,162570
GUA,1987,17290
HAI,1987,8820
HKG,1987,18075
HON,1987,13330
HUN,1987,725820
INA,1987,56755
IND,1987,149685
IRL,1987,39810
IRQ,1987,21300
ISL,1987,105960
ISR,1987,202510
ISV,1987,2310
ITA,1987,175765
IVB,1987,4425
JAM,1987,12680
JOR,1987,8840
JPN,1987,17250
KEN,1987,8855
LBA,1987,8820
LIB,1987,8920
LUX,1987,16015
MAR,1987,6675
MAS,1987,48235
MAU,1987,4410
MEX,1987,108760
MGL,1987,20795
MLI,1987,8820
MLT,1987,9010
MNC,1987,6615
MRI,1987,4410
NCA,1987,16045
NED,1987,234795
NGR,1987,8845
NLA,1987,2205
NOR,1987,107465
NZL,1987,40305
PAK,1987,34015
PAN,1987,13355
PAR,1987,13825
PER,1987,11865
PHI,1987,69090
PLE,1987,8820
PNG,1987,8820
POL,1987,688780
POR,1987,50025
PUR,1987,24035
QAT,1987,4410
ROM,1987,310090
SCO,1987,56155
SEN,1987,4410
SIN,1987,45550
SMR,1987,4410
SRI,1987,22540
SUD,1987,6615
SUI,1987,144775
SUR,1987,8835
SWE,1987,194455
SYR,1987,17850
THA,1987,18107
TRI,1987,6230
TUN,1987,11410
TUR,1987,36350
UAE,1987,22075
UGA,1987,6615
UNK,1987,15455
URU,1987,26295
USA,1987,749175
USR,1987,842760
VEN,1987,22095
WLS,1987,31090
YEM,1987,8820
YUG,1987,1609350
ZAM,1987,4410
ZIM,1987,13260
AFG,1999,4203
AHO,1999,15195
ALB,1999,45693
ALG,1999,106817
AND,1999,22164
ANG,1999,43840
ARG,1999,1478535
ARM,1999,251783
AUS,1999,299446
AUT,1999,1364541
AZE,1999,235136
BAN,1999,163551
BAR,1999,25979
BEL,1999,353103
BER,1999,17390
BIH,1999,208186
BLR,1999,367476
BOL,1999,37007
BOT,1999,30355
BRA,1999,661201
BRN,1999,23965
BRU,1999,6590
BUL,1999,853716
CAN,1999,460020
CHI,1999,760640
CHN,1999,235843
COL,1999,230320
CRC,1999,97201
CRO,1999,1010572
CUB,1999,777034
CYP,1999,39496
CZE,1999,1824400
DEN,1999,874272
DOM,1999,49167
ECU,1999,128426
EGY,1999,207678
ENG,1999,1512406
ESA,1999,38962
ESP,1999,2802342
EST,1999,199630
FAI,1999,50010
FIE,1999,4575
FIJ,1999,4425
FIN,1999,458440
FRA,1999,2731164
FRM,1999,299069
GAM,1999,4410
GCI,1999,10939
GEO,1999,305968
GER,1999,8279445
GHA,1999,4410
GRE,1999,733243
GUA,1999,56544
GUY,1999,2215
HAI,1999,2125
HKG,1999,40163
HON,1999,28854
HUN,1999,3042680
IBS,1999,4250
INA,1999,254699
IND,1999,1250216
IRI,1999,166815
IRL,1999,184741
IRQ,1999,226977
ISL,1999,255654
ISR,1999,842681
ISV,1999,13362
ITA,1999,1300823
IVB,1999,6565
JAM,1999,26086
JCI,1999,13095
JOR,1999,84458
JPN,1999,37022
KAZ,1999,211376
KEN,1999,12974
KGZ,1999,30751
KUW,1999,6725
LAT,1999,238096
LBA,1999,26361
LIB,1999,47629
LIE,1999,15407
LTU,1999,302954
LUX,1999,55498
MAC,1999,19366
MAR,1999,34091
MAS,1999,137173
MAU,1999,2205
MDA,1999,191650
MEX,1999,502412
MGL,1999,108554
MLI,1999,17620
MLT,1999,37291
MNC,1999,26461
MOZ,1999,4281
MRI,1999,8520
MYA,1999,463817
NAM,1999,6649
NCA,1999,63058
NED,1999,1088656
NEP,1999,8510
NGR,1999,51312
NOR,1999,408000
NZL,1999,136390
PAK,1999,63010
PAN,1999,22066
PAR,1999,57335
PER,1999,165162
PHI,1999,214725
PLE,1999,15278
PNG,1999,11035
POL,1999,2913030
POR,1999,211487
PUR,1999,64834
QAT,1999,43689
ROM,1999,1412798
RSA,1999,46464
RUS,1999,6488663
SCO,1999,240532
SEN,1999,6625
SEY,1999,12667
SIN,1999,121918
SLO,1999,541627
SMR,1999,14984
SRI,1999,48495
SUD,1999,17460
SUI,1999,715581
SUR,1999,13238
SVK,1999,729194
SWE,1999,1003414
SYR,1999,79916
THA,1999,35595
TJK,1999,20962
TKM,1999,92819
TRI,1999,19632
TUN,1999,31746
TUR,1999,243016
UAE,1999,119573
UGA,1999,24540
UKR,1999,1538769
URU,1999,103470
USA,1999,2279983
UZB,1999,141360
VEN,1999,120889
VIE,1999,85241
WLS,1999,156571
YEM,1999,35681
YUG,1999,3685975
ZAM,1999,15415
ZIM,1999,43857
AHO,1995,8595
ALB,1995,34450
ALG,1995,64010
AND,1995,13415
ANG,1995,17620
ARG,1995,1014885
ARM,1995,112560
AUS,1995,212805
AUT,1995,737085
AZE,1995,84780
BAN,1995,74165
BAR,1995,13410
BEL,1995,197890
BER,1995,11020
BIH,1995,122995
BLR,1995,183695
BOL,1995,26275
BOT,1995,13205
BRA,1995,343685
BRN,1995,15345
BRU,1995,6590
BUL,1995,708965
CAN,1995,299110
CHI,1995,354230
CHN,1995,174320
COL,1995,177135
CRC,1995,73795
CRO,1995,677360
CUB,1995,462765
CYP,1995,19940
CZE,1995,1017530
DEN,1995,576280
DOM,1995,40465
ECU,1995,49160
EGY,1995,99405
ENG,1995,1056280
ESA,1995,18270
ESP,1995,1046520
EST,1995,129610
FAI,1995,38930
FIJ,1995,8780
FIN,1995,280190
FRA,1995,1264110
FRM,1995,191745
GCI,1995,11145
GEO,1995,179995
GER,1995,4707825
GHA,1995,4410
GRE,1995,459570
GUA,1995,37315
GUY,1995,2215
HAI,1995,2215
HKG,1995,31455
HON,1995,24540
HUN,1995,1979860
INA,1995,134155
IND,1995,523650
IRI,1995,35815
IRL,1995,146575
IRQ,1995,99900
ISL,1995,227110
ISR,1995,634420
ISV,1995,13350
ITA,1995,717295
IVB,1995,6580
JAM,1995,15085
JCI,1995,2070
JOR,1995,38905
JPN,1995,37580
KAZ,1995,128485
KEN,1995,6555
KGZ,1995,18635
KUW,1995,6725
LAT,1995,126465
LBA,1995,17680
LIB,1995,30745
LIE,1995,11365
LTU,1995,202075
LUX,1995,36085
MAR,1995,18360
MAS,1995,57115
MDA,1995,75350
MEX,1995,334500
MGL,1995,82915
MLI,1995,13220
MLT,1995,26420
MNC,1995,22345
MRI,1995,4410
MYA,1995,13585
NAM,1995,2235
NCA,1995,52290
NED,1995,663170
NGR,1995,36325
NOR,1995,294835
NZL,1995,93585
PAK,1995,60820
PAN,1995,17745
PAR,1995,48910
PER,1995,84785
PHI,1995,178545
PLE,1995,15115
POL,1995,1894900
POR,1995,140205
PUR,1995,43965
QAT,1995,17710
ROM,1995,905300
RSA,1995,24925
RUS,1995,2662930
SCO,1995,140440
SEN,1995,6625
SIN,1995,96515
SLO,1995,371575
SMR,1995,4380
SRI,1995,42295
SUD,1995,13070
SUI,1995,443880
SUR,1995,13245
SVK,1995,330535
SWE,1995,681985
SYR,1995,42460
THA,1995,24710
TJK,1995,16050
TKM,1995,41215
TRI,1995,13000
TUN,1995,29900
TUR,1995,135185
UAE,1995,59610
UGA,1995,18140
UKR,1995,518645
URU,1995,77460
USA,1995,1634170
UZB,1995,97090
VEN,1995,57240
VIE,1995,35655
WLS,1995,105395
YEM,1995,26665
YUG,1995,2472125
ZAM,1995,10825
ZIM,1995,34895
ARG,1978,130650
AUS,1978,27080
AUT,1978,58455
BEL,1978,18635
BOL,1978,2205
BRA,1978,32640
BUL,1978,208950
CAN,1978,55210
CHI,1978,41320
CHN,1978,6745
COL,1978,56920
CRC,1978,8985
CSR,1978,154720
CUB,1978,134240
DDR,1978,121220
DEN,1978,108240
DOM,1978,6755
ECU,1978,27255
ENG,1978,215305
ESA,1978,2215
ESP,1978,78470
FIN,1978,47150
FRA,1978,40850
FRG,1978,191315
GCI,1978,4500
GRE,1978,33945
GUA,1978,2205
HKG,1978,2340
HON,1978,4440
HUN,1978,213560
INA,1978,15940
IND,1978,9105
IRI,1978,7055
IRL,1978,21185
IRQ,1978,2330
ISL,1978,76255
ISR,1978,103690
ITA,1978,81605
IVB,1978,2250
JPN,1978,6260
LIB,1978,4575
LUX,1978,13435
MEX,1978,36800
MGL,1978,2065
MLT,1978,11075
NCA,1978,6830
NED,1978,97495
NOR,1978,85180
NZL,1978,6990
PAK,1978,4560
PAR,1978,9170
PER,1978,13965
PHI,1978,56605
POL,1978,166415
POR,1978,11355
ROM,1978,114355
SCO,1978,26660
SIN,1978,9365
SUI,1978,48105
SWE,1978,120815
THA,1978,4500
TUN,1978,4715
TUR,1978,9045
UNK,1978,6545
URU,1978,18065
USA,1978,231220
USR,1978,650565
VEN,1978,18130
WLS,1978,21885
YUG,1978,463710
ALB,1974,11590
ARG,1974,106050
AUS,1974,11660
AUT,1974,23240
BEL,1974,16285
BOL,1974,2205
BRA,1974,37120
BRD,1974,83330
BUL,1974,101125
CAN,1974,35165
CHI,1974,37185
COL,1974,32430
CRC,1974,2295
CSR,1974,93980
CUB,1974,69950
DDR,1974,83045
DEN,1974,61310
DOM,1974,2235
ECU,1974,6840
ENG,1974,54235
ESP,1974,39815
FIN,1974,16410
FRA,1974,29915
GRE,1974,13640
HKG,1974,6860
HUN,1974,127025
INA,1974,11530
IND,1974,4620
IRI,1974,9280
IRL,1974,11400
ISL,1974,51355
ISR,1974,37990
ITA,1974,37010
JPN,1974,2250
LIB,1974,2225
LUX,1974,4465
MEX,1974,4625
MLT,1974,2225
MON,1974,16320
NED,1974,87075
NOR,1974,32830
NZL,1974,9215
PER,1974,11620
PHI,1974,16625
POL,1974,65825
POR,1974,11495
PUR,1974,6910
ROM,1974,49800
SAF,1974,4540
SCO,1974,15980
SIN,1974,11245
SUI,1974,44490
SWE,1974,67690
TUN,1974,9125
TUR,1974,9095
URS,1974,517467
URU,1974,2350
USA,1974,99600
VEN,1974,4480
WLS,1974,9140
YUG,1974,208530
ALB,1971,9030
AND,1971,2270
ARG,1971,52915
AUS,1971,14080
AUT,1971,23550
BEL,1971,14030
BRA,1971,14200
BRD,1971,62670
BUL,1971,52480
CAN,1971,23740
CHI,1971,4675
COL,1971,11630
CUB,1971,18815
CZE,1971,47885
DDR,1971,36395
DEN,1971,35735
ECU,1971,2390
ENG,1971,35695
ESP,1971,21475
FIN,1971,16355
FRA,1971,23225
GRE,1971,11535
HKG,1971,2270
HUN,1971,77650
INA,1971,9370
IND,1971,2230
IRI,1971,9060
IRL,1971,6860
ISL,1971,26250
ISR,1971,26115
ITA,1971,16510
JPN,1971,2280
MEX,1971,2270
MNC,1971,2270
MON,1971,7110
NED,1971,59300
NOR,1971,16600
NZL,1971,11595
PAR,1971,4500
PER,1971,9250
PHI,1971,18840
POL,1971,35540
POR,1971,6835
PUR,1971,4720
ROM,1971,47840
SAF,1971,2270
SCO,1971,9330
SIN,1971,4650
SUI,1971,25890
SWE,1971,23625
TUN,1971,4690
TUR,1971,6830
URS,1971,185495
URU,1971,2350
USA,1971,44465
VEN,1971,6850
YUG,1971,161480
ALB,1990,14075
ALG,1990,15750
AND,1990,4465
ANG,1990,2260
ANT,1990,2205
ARG,1990,497805
AUS,1990,105785
AUT,1990,340535
BAH,1990,2205
BAN,1990,27100
BAR,1990,13365
BEL,1990,128815
BER,1990,6625
BOL,1990,11230
BOT,1990,4440
BRA,1990,132615
BRN,1990,6665
BRU,1990,4410
BUL,1990,501730
CAN,1990,160455
CHI,1990,100860
CHN,1990,74935
COL,1990,86305
CRC,1990,22740
CSR,1990,547690
CUB,1990,303405
CYP,1990,8935
DDR,1990,266755
DEN,1990,227590
DOM,1990,33125
ECU,1990,22880
EGY,1990,36820
ENG,1990,431515
ESA,1990,6685
ESP,1990,346190
FAI,1990,4635
FIN,1990,147270
FRA,1990,395990
FRG,1990,1744060
GAM,1990,4410
GCI,1990,6675
GHA,1990,6615
GRE,1990,207195
GUA,1990,19395
HAI,1990,4415
HKG,1990,26760
HON,1990,13455
HUN,1990,1012920
INA,1990,61575
IND,1990,253045
IRL,1990,53505
IRQ,1990,25760
ISL,1990,128545
ISR,1990,254125
ISV,1990,8990
ITA,1990,283020
IVB,1990,8910
JAM,1990,10780
JOR,1990,4435
JPN,1990,17395
KEN,1990,8865
KUW,1990,4450
LBA,1990,11025
LIB,1990,15430
LIE,1990,2205
LUX,1990,18130
MAR,1990,13590
MAS,1990,46320
MAU,1990,2205
MEX,1990,161125
MGL,1990,42010
MLI,1990,8820
MLT,1990,15655
MNC,1990,11025
MRI,1990,4410
NCA,1990,20310
NED,1990,344705
NGR,1990,10830
NLA,1990,4410
NOR,1990,140145
NZL,1990,42900
PAK,1990,43180
PAN,1990,17805
PAR,1990,16125
PER,1990,14440
PHI,1990,84675
PLE,1990,8865
PNG,1990,8820
POL,1990,1058025
POR,1990,67880
PUR,1990,26555
QAT,1990,4505
ROM,1990,459850
SCO,1990,70105
SEN,1990,6625
SIN,1990,63725
SMR,1990,4425
SRI,1990,24935
SUD,1990,2205
SUI,1990,194405
SUR,1990,11040
SWE,1990,304530
SYR,1990,18080
THA,1990,18125
TRI,1990,6230
TUN,1990,13925
TUR,1990,47045
UAE,1990,24310
UGA,1990,4480
URU,1990,35520
USA,1990,885760
USR,1990,1619085
VEN,1990,29050
WLS,1990,35735
YEM,1990,8850
YUG,1990,2391820
ZAM,1990,6645
ZIM,1990,11055
ALB,1982,13750
AND,1982,2220
ANG,1982,4420
ARG,1982,196215
AUS,1982,44680
AUT,1982,115140
BAN,1982,13155
BEL,1982,31995
BOL,1982,4435
BRA,1982,73815
BUL,1982,281990
CAN,1982,120030
CHI,1982,61925
CHN,1982,38725
COL,1982,94915
CRC,1982,18000
CSR,1982,234595
CUB,1982,165550
CYP,1982,4455
DDR,1982,142045
DEN,1982,150485
DOM,1982,22650
ECU,1982,34005
EGY,1982,4610
ENG,1982,319245
ESA,1982,4540
ESP,1982,157115
FIN,1982,71795
FRA,1982,96650
FRG,1982,535955
GCI,1982,4475
GRE,1982,149660
GUA,1982,24800
GUY,1982,4435
HKG,1982,18090
HON,1982,4470
HUN,1982,407975
INA,1982,43685
IND,1982,65545
IRI,1982,16415
IRL,1982,39595
IRQ,1982,6755
ISL,1982,100110
ISR,1982,153900
ITA,1982,112830
IVB,1982,4435
JPN,1982,12305
LIB,1982,6910
LUX,1982,22265
MAS,1982,4475
MEX,1982,163980
MGL,1982,11540
MLT,1982,8830
NCA,1982,17875
NED,1982,179495
NOR,1982,132020
NZL,1982,31675
PAK,1982,13495
PAN,1982,6695
PAR,1982,11520
PER,1982,11605
PHI,1982,83225
POL,1982,366980
POR,1982,36510
PUR,1982,8505
ROM,1982,217830
SCO,1982,46990
SIN,1982,33625
SRI,1982,4465
SUI,1982,83540
SWE,1982,156035
SYR,1982,11250
THA,1982,11365
TRI,1982,2215
TUN,1982,6915
TUR,1982,37525
UAE,1982,4550
UNK,1982,2295
URU,1982,20140
USA,1982,539230
USR,1982,1022920
VEN,1982,29175
WLS,1982,24140
YUG,1982,1001115
ARG,1980,158060
AUS,1980,32850
AUT,1980,67805
BAN,1980,2230
BEL,1980,23090
BOL,1980,6620
BRA,1980,50270
BUL,1980,255690
CAN,1980,84740
CHI,1980,59455
CHN,1980,18480
COL,1980,67310
CRC,1980,15705
CSR,1980,217170
CUB,1980,161200
DDR,1980,168865
DEN,1980,137465
DOM,1980,13605
ECU,1980,38405
ENG,1980,272170
ESA,1980,6795
ESP,1980,98955
FIN,1980,69285
FRA,1980,62670
FRG,1980,295730
GCI,1980,4470
GRE,1980,63535
GUA,1980,4420
GUY,1980,2210
HKG,1980,4665
HON,1980,4470
HUN,1980,313715
INA,1980,25010
IND,1980,26855
IRI,1980,14070
IRL,1980,41895
ISL,1980,97250
ISR,1980,130925
ISV,1980,2330
ITA,1980,87945
IVB,1980,2265
JPN,1980,8510
LIB,1980,6800
LUX,1980,17905
MAS,1980,2205
MEX,1980,83540
MGL,1980,6780
MLT,1980,11110
MNC,1980,3780
NCA,1980,6805
NED,1980,146460
NOR,1980,105415
NZL,1980,16325
PAK,1980,4555
PAN,1980,6695
PAR,1980,11380
PER,1980,13860
PHI,1980,63380
POL,1980,268540
POR,1980,29515
PUR,1980,6275
ROM,1980,165175
SCO,1980,35205
SIN,1980,13940
SUI,1980,66170
SWE,1980,147660
SYR,1980,4485
THA,1980,4500
TUN,1980,4715
TUR,1980,17670
UNK,1980,6550
URU,1980,22435
USA,1980,386665
USR,1980,907820
VEN,1980,26885
WLS,1980,24215
YUG,1980,697455
AHO,1992,13410
ALB,1992,32065
ALG,1992,24600
AND,1992,11225
ANG,1992,17785
ARG,1992,644885
ARM,1992,66070
AUS,1992,168430
AUT,1992,435015
AZE,1992,39075
BAN,1992,33700
BAR,1992,13415
BEL,1992,158150
BER,1992,11035
BIH,1992,113690
BLR,1992,68195
BOL,1992,24110
BOT,1992,11055
BRA,1992,208720
BRN,1992,11100
BRU,1992,2205
BUL,1992,602500
CAN,1992,230775
CHI,1992,153480
CHN,1992,124110
COL,1992,144045
CRC,1992,54355
CRO,1992,498125
CUB,1992,373690
CYP,1992,15605
CZE,1992,642205
DEN,1992,375605
DOM,1992,35930
ECU,1992,44850
EGY,1992,55380
ENG,1992,704985
ESA,1992,11510
ESP,1992,526375
EST,1992,58260
FAI,1992,15760
FIJ,1992,4440
FIN,1992,197975
FRA,1992,661220
FRM,1992,99775
GCI,1992,11215
GEO,1992,119975
GER,1992,2897535
GHA,1992,6615
GRE,1992,253565
GUA,1992,28720
GUY,1992,2210
HAI,1992,4425
HKG,1992,27335
HON,1992,24540
HUN,1992,1398835
INA,1992,95140
IND,1992,303730
IRI,1992,11255
IRL,1992,94330
IRQ,1992,32840
ISL,1992,181395
ISR,1992,415775
ISV,1992,11180
ITA,1992,398895
IVB,1992,4425
JAM,1992,12945
JOR,1992,6685
JPN,1992,28700
KAZ,1992,37080
KEN,1992,6630
KGZ,1992,16350
KUW,1992,6725
LAT,1992,85590
LBA,1992,17685
LIB,1992,17555
LIE,1992,4415
LTU,1992,80915
LUX,1992,29355
MAR,1992,15870
MAS,1992,46235
MDA,1992,30155
MEX,1992,210665
MGL,1992,57460
MLI,1992,8820
MLT,1992,19855
MNC,1992,20170
MRI,1992,4410
MYA,1992,2335
NCA,1992,18250
NED,1992,460750
NGR,1992,10830
NOR,1992,220325
NZL,1992,76250
PAK,1992,56400
PAN,1992,17835
PAR,1992,29560
PER,1992,39555
PHI,1992,131100
PLE,1992,6655
POL,1992,1152365
POR,1992,102060
PUR,1992,37405
QAT,1992,6795
ROM,1992,549565
RSA,1992,6930
RUS,1992,1877460
SCO,1992,99085
SEN,1992,6625
SIN,1992,72490
SLO,1992,216790
SMR,1992,4410
SRI,1992,29265
SUD,1992,6615
SUI,1992,277020
SUR,1992,13245
SVK,1992,173615
SWE,1992,439105
SYR,1992,30910
THA,1992,22530
TJK,1992,13890
TKM,1992,7135
TRI,1992,13010
TUN,1992,31895
TUR,1992,86110
UAE,1992,24790
UGA,1992,15780
UKR,1992,359715
URU,1992,40435
USA,1992,1218660
UZB,1992,66870
VEN,1992,48300
VIE,1992,24405
WLS,1992,50920
YEM,1992,19905
YUG,1992,1817750
ZAM,1992,10825
ZIM,1992,26095
ALB,1973,13840
AND,1973,2270
ARG,1973,82915
AUS,1973,13910
AUT,1973,36515
BEL,1973,18500
BOL,1973,2205
BRA,1973,23035
BRD,1973,82540
BUL,1973,116900
CAN,1973,37480
CHI,1973,27800
COL,1973,25300
CRC,1973,2295
CSR,1973,97420
CUB,1973,46935
DDR,1973,72605
DEN,1973,60985
DOM,1973,2235
ECU,1973,4690
ENG,1973,57930
ESP,1973,32710
FIN,1973,18270
FRA,1973,15795
GRE,1973,18200
HKG,1973,4570
HUN,1973,135990
INA,1973,16210
IND,1973,4620
IRI,1973,13765
IRL,1973,15605
ISL,1973,35335
ISR,1973,31030
ITA,1973,34610
JPN,1973,2250
LIB,1973,2225
LUX,1973,4470
MAR,1973,2220
MEX,1973,6935
MLT,1973,2225
MON,1973,20445
NED,1973,90865
NOR,1973,30545
NZL,1973,13820
PER,1973,11615
PHI,1973,21165
POL,1973,86275
POR,1973,11465
PUR,1973,9125
ROM,1973,88805
RUS,1973,7245
SAF,1973,4520
SCO,1973,15970
SIN,1973,9015
SUI,1973,34210
SWE,1973,51525
TUN,1973,9130
TUR,1973,11395
URS,1973,504615
URU,1973,4590
USA,1973,77475
VEN,1973,4475
WLS,1973,6885
YUG,1973,251935
AFG,1996,2020
AHO,1996,12965
ALB,1996,36725
ALG,1996,72680
AND,1996,15580
ANG,1996,22090
ARG,1996,1156105
ARM,1996,138630
AUS,1996,234320
AUT,1996,924380
AZE,1996,114335
BAN,1996,91405
BAR,1996,15630
BEL,1996,232445
BER,1996,15290
BIH,1996,131690
BLR,1996,227335
BOL,1996,28350
BOT,1996,19545
BRA,1996,389200
BRN,1996,17485
BRU,1996,6590
BUL,1996,752310
CAN,1996,334775
CHI,1996,528180
CHN,1996,198410
COL,1996,183485
CRC,1996,73745
CRO,1996,736270
CUB,1996,520030
CYP,1996,19925
CZE,1996,1207145
DEN,1996,653475
DOM,1996,47035
ECU,1996,64960
EGY,1996,96995
ENG,1996,1186510
ESA,1996,18280
ESP,1996,1362670
EST,1996,136165
FAI,1996,38980
FIJ,1996,8805
FIN,1996,326495
FRA,1996,1535440
FRM,1996,231315
GCI,1996,11155
GEO,1996,200440
GER,1996,5401815
GHA,1996,4410
GRE,1996,557410
GUA,1996,37270
GUY,1996,2215
HAI,1996,2220
HKG,1996,39820
HON,1996,24495
HUN,1996,2192630
INA,1996,192845
IND,1996,709935
IRI,1996,81675
IRL,1996,137750
IRQ,1996,133935
ISL,1996,231670
ISR,1996,696435
ISV,1996,13370
ITA,1996,855270
IVB,1996,6600
JAM,1996,15085
JCI,1996,2070
JOR,1996,53710
JPN,1996,28670
KAZ,1996,149260
KEN,1996,6555
KGZ,1996,25860
KUW,1996,6725
LAT,1996,174330
LBA,1996,17680
LIB,1996,32990
LIE,1996,11290
LTU,1996,241125
LUX,1996,36135
MAC,1996,4400
MAR,1996,22830
MAS,1996,91420
MDA,1996,110355
MEX,1996,396465
MGL,1996,91355
MLI,1996,13220
MLT,1996,26490
MNC,1996,26725
MRI,1996,6540
MYA,1996,15820
NAM,1996,2235
NCA,1996,52290
NED,1996,758345
NGR,1996,42770
NOR,1996,330190
NZL,1996,106560
PAK,1996,60735
PAN,1996,17740
PAR,1996,48890
PER,1996,108930
PHI,1996,181210
PLE,1996,13185
POL,1996,2155000
POR,1996,144465
PUR,1996,52380
QAT,1996,19845
ROM,1996,1076520
RSA,1996,27300
RUS,1996,3181175
SCO,1996,172400
SEN,1996,6625
SEY,1996,4250
SIN,1996,100725
SLO,1996,410005
SMR,1996,4365
SRI,1996,44380
SUD,1996,13060
SUI,1996,506150
SUR,1996,13245
SVK,1996,402515
SWE,1996,755550
SYR,1996,47015
THA,1996,31120
TJK,1996,22835
TKM,1996,54655
TRI,1996,13000
TUN,1996,29810
TUR,1996,147955
UAE,1996,89985
UGA,1996,18140
UKR,1996,701930
URU,1996,84085
USA,1996,1745405
UZB,1996,103830
VEN,1996,66145
VIE,1996,36220
WLS,1996,120390
YEM,1996,28965
YUG,1996,2762245
ZAM,1996,17420
ZIM,1996,37335
ALB,1988,14025
ALG,1988,8935
AND,1988,6640
ANG,1988,11035
ANT,1988,2205
ARG,1988,356115
AUS,1988,78855
AUT,1988,238100
BAH,1988,2205
BAN,1988,29435
BAR,1988,11130
BEL,1988,111010
BER,1988,6625
BOL,1988,8955
BRA,1988,105165
BRN,1988,6615
BRU,1988,4410
BUL,1988,414270
CAN,1988,164820
CHI,1988,82590
CHN,1988,58090
COL,1988,70710
CRC,1988,13525
CSR,1988,375490
CUB,1988,259450
CYP,1988,13305
DDR,1988,186975
DEN,1988,159335
DOM,1988,28715
ECU,1988,23040
EGY,1988,27290
ENG,1988,372015
ESA,1988,6715
ESP,1988,238330
FAI,1988,4680
FIJ,1988,2205
FIN,1988,102205
FRA,1988,243580
FRG,1988,1215620
GAM,1988,4410
GCI,1988,4485
GHA,1988,6615
GRE,1988,169700
GUA,1988,17160
HAI,1988,4410
HKG,1988,20120
HON,1988,13330
HUN,1988,832020
INA,1988,59555
IND,1988,178605
IRL,1988,35665
IRQ,1988,21075
ISL,1988,115110
ISR,1988,233905
ISV,1988,2310
ITA,1988,178585
IVB,1988,4425
JAM,1988,8535
JOR,1988,8870
JPN,1988,15060
KEN,1988,8860
LBA,1988,8820
LIB,1988,11125
LUX,1988,11445
MAR,1988,4430
MAS,1988,44040
MAU,1988,4410
MEX,1988,153810
MGL,1988,31360
MLI,1988,8820
MLT,1988,6800
MNC,1988,8825
MRI,1988,4410
NCA,1988,18185
NED,1988,255125
NGR,1988,6420
NLA,1988,4410
NOR,1988,123855
NZL,1988,42265
PAK,1988,38665
PAN,1988,13425
PAR,1988,13925
PER,1988,12060
PHI,1988,75875
PLE,1988,8835
PNG,1988,8820
POL,1988,802515
POR,1988,54810
PUR,1988,26270
ROM,1988,383610
SCO,1988,58405
SEN,1988,4410
SIN,1988,56765
SMR,1988,4410
SRI,1988,20450
SUD,1988,6615
SUI,1988,169415
SUR,1988,8835
SWE,1988,235960
SYR,1988,17825
THA,1988,18105
TRI,1988,6230
TUN,1988,11435
TUR,1988,34315
UAE,1988,22065
UGA,1988,4410
UNK,1988,20205
URU,1988,23950
USA,1988,770905
USR,1988,1043080
VEN,1988,22360
WLS,1988,33320
YEM,1988,6615
YUG,1988,1937770
ZAM,1988,4410
ZIM,1988,13260
ALB,1984,11685
ALG,1984,2200
ANG,1984,2210
ARG,1984,305495
AUS,1984,60465
AUT,1984,136305
BAN,1984,18035
BEL,1984,47295
BER,1984,2330
BRA,1984,67365
BUL,1984,252730
CAN,1984,126305
CHI,1984,45870
CHN,1984,47910
COL,1984,78260
CRC,1984,15830
CSR,1984,269630
CUB,1984,161745
CYP,1984,4525
DDR,1984,130720
DEN,1984,122260
DOM,1984,13820
ECU,1984,11300
EGY,1984,13090
ENG,1984,281940
ESA,1984,4645
ESP,1984,141430
FAI,1984,2205
FIN,1984,77180
FRA,1984,146050
FRG,1984,681130
GRE,1984,190120
GUA,1984,22545
GUY,1984,2210
HKG,1984,24890
HUN,1984,418945
INA,1984,48205
IND,1984,102050
IRI,1984,6950
IRL,1984,17910
ISL,1984,93455
ISR,1984,181405
ISV,1984,2210
ITA,1984,94930
IVB,1984,4455
JAM,1984,4405
JOR,1984,2205
JPN,1984,14740
KUW,1984,6615
LIB,1984,9130
LUX,1984,15520
MAS,1984,29155
MEX,1984,157995
MGL,1984,15355
MLT,1984,8815
MNC,1984,2215
NCA,1984,31415
NED,1984,205960
NGR,1984,2205
NOR,1984,96505
NZL,1984,35855
PAK,1984,15780
PAN,1984,2245
PAR,1984,11445
PER,1984,11535
PHI,1984,63380
POL,1984,578590
POR,1984,43355
PUR,1984,6685
ROM,1984,233140
SCO,1984,52735
SIN,1984,26820
SRI,1984,18100
SUI,1984,115580
SWE,1984,133410
SYR,1984,15920
THA,1984,22435
TRI,1984,4520
TUN,1984,11410
TUR,1984,55530
UAE,1984,4630
UNK,1984,2295
URU,1984,20185
USA,1984,596550
USR,1984,833135
VEN,1984,20180
WLS,1984,23535
YEM,1984,2205
YUG,1984,1274630
ARG,1977,137110
AUS,1977,22075
AUT,1977,47595
BEL,1977,27665
BOL,1977,2205
BRA,1977,32010
BUL,1977,184690
CAN,1977,52565
CHI,1977,39440
COL,1977,45645
CRC,1977,8955
CSR,1977,152410
CUB,1977,102220
DDR,1977,134920
DEN,1977,115575
DOM,1977,11280
ECU,1977,15915
ENG,1977,158930
ESA,1977,2215
ESP,1977,74035
FIN,1977,43390
FRA,1977,38445
FRG,1977,163810
GCI,1977,4500
GRE,1977,27300
GUA,1977,2205
HKG,1977,2340
HON,1977,4440
HUN,1977,196940
INA,1977,18445
IND,1977,6745
IRI,1977,11590
IRL,1977,24205
ISL,1977,81205
ISR,1977,94185
ITA,1977,74740
IVB,1977,2250
JPN,1977,6255
LIB,1977,6780
LUX,1977,13435
MEX,1977,29485
MGL,1977,11440
MLT,1977,8895
MNC,1977,1820
NCA,1977,6830
NED,1977,105020
NOR,1977,67125
NZL,1977,11455
PAK,1977,11295
PAN,1977,2205
PAR,1977,9045
PER,1977,11605
PHI,1977,56525
POL,1977,147765
POR,1977,18120
PUR,1977,13055
ROM,1977,128240
RSA,1977,6875
SCO,1977,24480
SIN,1977,15925
SUI,1977,45725
SWE,1977,118045
SYR,1977,2230
THA,1977,4500
TUN,1977,6975
TUR,1977,13470
UNK,1977,8150
URU,1977,15850
USA,1977,186545
USR,1977,629571
VEN,1977,20330
WLS,1977,19965
YUG,1977,432030
ARG,1979,165115
AUS,1979,24450
AUT,1979,67830
BEL,1979,25340
BOL,1979,6620
BRA,1979,43245
BUL,1979,232765
CAN,1979,68910
CHI,1979,59830
CHN,1979,20825
COL,1979,59615
CRC,1979,9075
CSR,1979,163150
CUB,1979,136810
DDR,1979,143105
DEN,1979,124535
DOM,1979,13605
ECU,1979,29395
ENG,1979,237305
ESA,1979,6835
ESP,1979,91955
FIN,1979,50875
FRA,1979,51885
FRG,1979,231425
GCI,1979,4470
GRE,1979,45470
GUA,1979,4420
GUY,1979,2210
HKG,1979,4665
HON,1979,4470
HUN,1979,226640
INA,1979,22915
IND,1979,26775
IRI,1979,16425
IRL,1979,35330
ISL,1979,95155
ISR,1979,104530
ISV,1979,2350
ITA,1979,84630
IVB,1979,2240
JPN,1979,8530
LIB,1979,6765
LUX,1979,13485
MEX,1979,49900
MGL,1979,9155
MLT,1979,11085
MNC,1979,3715
NCA,1979,6810
NED,1979,121050
NOR,1979,91860
NZL,1979,16250
PAK,1979,11295
PAN,1979,4435
PAR,1979,11380
PER,1979,13960
PHI,1979,60135
POL,1979,215915
POR,1979,18125
PUR,1979,6285
ROM,1979,144580
RSA,1979,4565
SCO,1979,33090
SIN,1979,20610
SUI,1979,57410
SWE,1979,136235
SYR,1979,6715
THA,1979,4500
TUN,1979,7035
TUR,1979,17980
UNK,1979,8880
URU,1979,22485
USA,1979,296405
USR,1979,751895
VEN,1979,22705
WLS,1979,24110
YUG,1979,583035
ALB,1975,11590
ARG,1975,117700
AUS,1975,18165
AUT,1975,38480
BEL,1975,18580
BOL,1975,2205
BRA,1975,43070
BUL,1975,155235
CAN,1975,41740
CHI,1975,37065
CHN,1975,4490
COL,1975,34375
CRC,1975,2295
CSR,1975,122235
CUB,1975,70050
DDR,1975,112495
DEN,1975,70365
DOM,1975,8970
ECU,1975,11290
ENG,1975,88450
ESP,1975,48790
FAI,1975,2205
FIN,1975,31835
FRA,1975,31850
FRG,1975,107405
GRE,1975,15880
HKG,1975,2380
HUN,1975,181305
INA,1975,22920
IND,1975,6930
IRI,1975,9305
IRL,1975,19610
ISL,1975,60655
ISR,1975,53385
ITA,1975,43865
JPN,1975,6035
LIB,1975,6670
LUX,1975,6775
MEX,1975,13170
MGL,1975,20410
MLT,1975,2210
MNC,1975,1820
NED,1975,109095
NOR,1975,50870
NZL,1975,13675
PAK,1975,9095
PAN,1975,2205
PER,1975,11610
PHI,1975,44185
POL,1975,104515
POR,1975,11480
PUR,1975,8560
ROM,1975,101945
RSA,1975,6915
SCO,1975,18405
SIN,1975,15710
SUI,1975,57075
SWE,1975,91750
SYR,1975,2230
TUN,1975,11390
TUR,1975,13515
UNK,1975,4640
URU,1975,6665
USA,1975,123895
USR,1975,671700
VEN,1975,11345
WLS,1975,13870
YUG,1975,309215
AFG,2000,4203
AHO,2000,15183
ALB,2000,54283
ALG,2000,106529
AND,2000,22154
ANG,2000,34979
ARG,2000,1503392
ARM,2000,276271
AUS,2000,322544
AUT,2000,1485367
AZE,2000,269585
BAN,2000,180393
BAR,2000,25965
BEL,2000,416534
BER,2000,17396
BIH,2000,237540
BLR,2000,367745
BOL,2000,37038
BOT,2000,30318
BRA,2000,751261
BRN,2000,23950
BRU,2000,6590
BUL,2000,860292
CAN,2000,494316
CHI,2000,798211
CHN,2000,465159
COL,2000,231831
CRC,2000,97231
CRO,2000,1096355
CUB,2000,854839
CYP,2000,39465
CZE,2000,2040194
DEN,2000,922268
DOM,2000,51205
ECU,2000,182649
EGY,2000,268438
ENG,2000,1607193
ESA,2000,39222
ESP,2000,3148625
EST,2000,212594
FAI,2000,50058
FIJ,2000,4425
FIN,2000,498774
FRA,2000,3098376
FRM,2000,347938
GAM,2000,4410
GCI,2000,8663
GEO,2000,339083
GER,2000,9312476
GHA,2000,4410
GRE,2000,828966
GUA,2000,58663
GUY,2000,2215
HAI,2000,2135
HKG,2000,42390
HON,2000,26598
HUN,2000,3262403
INA,2000,254680
IND,2000,1514760
IRI,2000,192638
IRL,2000,186726
IRQ,2000,267576
ISL,2000,237716
ISR,2000,902725
ISV,2000,13362
ITA,2000,1416633
IVB,2000,6576
JAM,2000,28269
JCI,2000,13077
JOR,2000,90696
JPN,2000,32811
KAZ,2000,285957
KEN,2000,12974
KGZ,2000,34736
KUW,2000,6725
LAT,2000,246679
LBA,2000,24174
LIB,2000,58210
LIE,2000,17604
LTU,2000,326691
LUX,2000,57677
MAC,2000,23383
MAD,2000,4158
MAR,2000,36242
MAS,2000,125958
MAU,2000,2205
MDA,2000,206153
MEX,2000,517010
MGL,2000,112979
MLI,2000,17620
MLT,2000,35179
MNC,2000,24312
MOZ,2000,4281
MRI,2000,8520
MYA,2000,465323
NAM,2000,6606
NCA,2000,67397
NED,2000,1171241
NEP,2000,8420
NGR,2000,49261
NOR,2000,431525
NZL,2000,136366
PAK,2000,62968
PAN,2000,22066
PAR,2000,61527
PER,2000,171972
PHI,2000,217106
PLE,2000,19434
PNG,2000,8843
POL,2000,3168518
POR,2000,222055
PUR,2000,68946
QAT,2000,43606
ROM,2000,1484232
RSA,2000,52807
RUS,2000,7836448
SCO,2000,240609
SEN,2000,6625
SEY,2000,12667
SIN,2000,128802
SLO,2000,588936
SMR,2000,14909
SRI,2000,48474
SUD,2000,17450
SUI,2000,791551
SUR,2000,13238
SVK,2000,882112
SWE,2000,1073355
SYR,2000,95194
THA,2000,35633
TJK,2000,21013
TKM,2000,103637
TRI,2000,23745
TUN,2000,38061
TUR,2000,272862
UAE,2000,130684
UGA,2000,26703
UKR,2000,1696296
URU,2000,103371
USA,2000,2412391
UZB,2000,158455
VEN,2000,125427
VIE,2000,89621
WLS,2000,165258
YEM,2000,33376
YUG,2000,3736499
ZAM,2000,19815
ZIM,2000,43920
AFG,1998,2010
AHO,1998,15145
ALB,1998,34615
AND,1998,13250
ARG,1998,703060
ARM,1998,201610
AUS,1998,186520
AUT,1998,1112570
BAN,1998,114285
BAR,1998,11250
BEL,1998,274425
BER,1998,6395
BIH,1998,138070
BLR,1998,275080
BOT,1998,12955
BRA,1998,486260
BRN,1998,13005
BUL,1998,564475
CAN,1998,290425
CHI,1998,553195
CHN,1998,166830
COL,1998,148485
CRO,1998,809685
CUB,1998,545545
CYP,1998,21845
CZE,1998,1370105
DEN,1998,663075
DOM,1998,27065
EGY,1998,153015
ENG,1998,1022240
ESP,1998,2075725
EST,1998,151275
FAI,1998,35025
FIJ,1998,2220
FIN,1998,356805
FRA,1998,2203470
FRM,1998,246160
GCI,1998,6630
GEO,1998,251045
GER,1998,6065155
GRE,1998,596720
GUA,1998,39265
HAI,1998,2130
HKG,1998,26425
HUN,1998,2278855
INA,1998,185520
IND,1998,888760
IRI,1998,123155
IRL,1998,85865
IRQ,1998,205915
ISL,1998,136280
ISR,1998,623410
ISV,1998,2220
ITA,1998,973335
JAM,1998,2165
JCI,1998,6470
JOR,1998,66055
JPN,1998,23990
LAT,1998,173210
LBA,1998,4210
LIB,1998,28140
LIE,1998,13330
LTU,1998,250720
LUX,1998,33900
MAC,1998,15040
MAR,1998,29710
MAS,1998,64325
MDA,1998,170160
MLT,1998,17590
MNC,1998,17685
MOZ,1998,4280
MYA,1998,35880
NAM,1998,2240
NCA,1998,43155
NED,1998,785530
NEP,1998,6330
NGR,1998,30155
NOR,1998,251890
NZL,1998,90625
PAK,1998,6970
PAN,1998,8715
PAR,1998,35290
PER,1998,136810
PHI,1998,92920
PLE,1998,6520
POL,1998,2209215
POR,1998,154550
PUR,1998,41280
QAT,1998,23830
ROM,1998,1156390
RSA,1998,31375
RUS,1998,4406710
SCO,1998,165510
SEY,1998,10475
SIN,1998,59580
SLO,1998,415080
SMR,1998,6385
SUD,1998,6615
SUI,1998,509110
SVK,1998,551765
SWE,1998,668675
SYR,1998,53580
THA,1998,15540
TKM,1998,77220
TUN,1998,13690
TUR,1998,163390
UAE,1998,91220
UGA,1998,4400
UKR,1998,1228570
URU,1998,46685
USA,1998,1374420
UZB,1998,117550
VEN,1998,44575
VIE,1998,52080
WLS,1998,102845
YEM,1998,11395
YUG,1998,2681470
ZAM,1998,8800
ZIM,1998,13135
ALB,1986,14025
ALG,1986,8820
AND,1986,8865
ANG,1986,4445
ARG,1986,307805
AUS,1986,83235
AUT,1986,163870
BAN,1986,27000
BAR,1986,2280
BEL,1986,88195
BER,1986,4425
BOL,1986,2250
BOT,1986,2205
BRA,1986,97965
BRN,1986,2205
BUL,1986,317080
CAN,1986,131525
CHI,1986,66910
CHN,1986,47995
COL,1986,49730
CRC,1986,13575
CSR,1986,305290
CUB,1986,209215
CYP,1986,8850
DDR,1986,136920
DEN,1986,140130
DOM,1986,17720
ECU,1986,16070
EGY,1986,17800
ENG,1986,318315
ESA,1986,6895
ESP,1986,163505
FAI,1986,11175
FIN,1986,86370
FRA,1986,184060
FRG,1986,865895
GCI,1986,2410
GRE,1986,167395
GUA,1986,17695
HKG,1986,24785
HUN,1986,610635
INA,1986,58725
IND,1986,133435
IRI,1986,2430
IRL,1986,28795
IRQ,1986,8225
ISL,1986,98505
ISR,1986,200865
ISV,1986,4515
ITA,1986,132740
IVB,1986,4425
JAM,1986,6615
JOR,1986,2205
JPN,1986,17200
KEN,1986,6655
LIB,1986,15540
LUX,1986,8880
MAR,1986,2220
MAS,1986,44030
MEX,1986,106865
MGL,1986,20065
MLT,1986,9055
MNC,1986,8830
NCA,1986,18115
NED,1986,219505
NGR,1986,4455
NOR,1986,118010
NZL,1986,42300
PAK,1986,36305
PAN,1986,4535
PAR,1986,13870
PER,1986,9525
PHI,1986,57995
PNG,1986,11025
POL,1986,636960
POR,1986,45115
PUR,1986,15730
ROM,1986,291070
SCO,1986,58515
SEN,1986,2205
SIN,1986,45220
SRI,1986,15930
SUI,1986,135315
SUR,1986,11040
SWE,1986,182530
SYR,1986,13785
THA,1986,15755
TRI,1986,8630
TUN,1986,15950
TUR,1986,49470
UAE,1986,13695
UGA,1986,6620
UNK,1986,6605
URU,1986,20310
USA,1986,683560
USR,1986,810285
VEN,1986,17975
WLS,1986,30080
YEM,1986,2205
YUG,1986,1517915
ZAI,1986,4410
ZAM,1986,2205
ZIM,1986,6645
AHO,1994,15530
ALB,1994,32160
ALG,1994,55335
AND,1994,13435
ANG,1994,17655
ARG,1994,874165
ARM,1994,98370
AUS,1994,184640
AUT,1994,616085
AZE,1994,55275
BAN,1994,57090
BAR,1994,13410
BEL,1994,167145
BER,1994,11020
BIH,1994,118315
BLR,1994,149830
BOL,1994,26275
BOT,1994,13205
BRA,1994,294210
BRN,1994,15440
BRU,1994,6590
BUL,1994,671795
CAN,1994,281210
CHI,1994,249060
CHN,1994,131055
COL,1994,166360
CRC,1994,69475
CRO,1994,607675
CUB,1994,443455
CYP,1994,17870
CZE,1994,865385
DEN,1994,503530
DOM,1994,35935
ECU,1994,46985
EGY,1994,73380
ENG,1994,920970
ESA,1994,15955
ESP,1994,810650
EST,1994,111910
FAI,1994,30845
FIJ,1994,8780
FIN,1994,233945
FRA,1994,866075
FRM,1994,169045
GCI,1994,11105
GEO,1994,159320
GER,1994,4004635
GHA,1994,4410
GRE,1994,384990
GUA,1994,26705
GUY,1994,2215
HAI,1994,2215
HKG,1994,27360
HON,1994,24540
HUN,1994,1751265
INA,1994,115445
IND,1994,455050
IRI,1994,24950
IRL,1994,133860
IRQ,1994,84580
ISL,1994,199115
ISR,1994,544070
ISV,1994,13380
ITA,1994,586230
IVB,1994,6605
JAM,1994,15115
JCI,1994,2070
JOR,1994,24240
JPN,1994,33145
KAZ,1994,93090
KEN,1994,6555
KGZ,1994,16445
KUW,1994,6725
LAT,1994,115530
LBA,1994,17680
LIB,1994,30735
LIE,1994,11375
LTU,1994,145310
LUX,1994,33865
MAR,1994,16065
MAS,1994,52715
MDA,1994,61920
MEX,1994,305225
MGL,1994,72335
MLI,1994,13220
MLT,1994,26475
MNC,1994,22280
MRI,1994,4410
MYA,1994,13585
NAM,1994,2220
NCA,1994,50210
NED,1994,584015
NGR,1994,32070
NOR,1994,260405
NZL,1994,78460
PAK,1994,61030
PAN,1994,20015
PAR,1994,44485
PER,1994,55670
PHI,1994,171285
PLE,1994,13085
POL,1994,1606835
POR,1994,129455
PUR,1994,39590
QAT,1994,15705
ROM,1994,820285
RSA,1994,20735
RUS,1994,2185160
SCO,1994,125310
SEN,1994,6625
SIN,1994,85405
SLO,1994,319950
SMR,1994,4420
SRI,1994,42270
SUD,1994,10995
SUI,1994,389525
SUR,1994,13245
SVK,1994,259120
SWE,1994,617380
SYR,1994,37985
THA,1994,24710
TJK,1994,13925
TKM,1994,20820
TRI,1994,13000
TUN,1994,29785
TUR,1994,98880
UAE,1994,48840
UGA,1994,18140
UKR,1994,397320
URU,1994,64535
USA,1994,1499505
UZB,1994,83420
VEN,1994,57280
VIE,1994,33110
WLS,1994,86650
YEM,1994,26610
YUG,1994,2279485
ZAM,1994,10825
ZIM,1994,34895
